T,kernel1,flashattn
256.000000,0.604160,0.843120
512.000000,1.908736,2.940128
1024.000000,6.855712,11.276576
2048.000000,25.717505,45.902962
4096.000000,100.998627,186.941086
