C,kernel1,flashattn
256.000000,2.787904,3.612768
512.000000,4.765632,7.337920
1024.000000,8.679424,14.815296
2048.000000,16.345951,30.914911
4096.000000,30.489120,65.194626
