B,kernel1,flashattn
2.000000,3.147600,5.708608
4.000000,6.274816,11.309216
8.000000,12.757152,22.421856
