B,kernel1,kernel2,kernel3,flashattn
2.000000,4.681600,3.757056,3.631168,5.688608
4.000000,9.473472,7.677376,7.380960,11.278160
8.000000,18.841600,15.242160,14.669696,22.396175
