T,kernel1,kernel2,kernel3,flashattn
256.000000,0.766192,0.723776,0.679856,0.835648
512.000000,2.568512,2.175520,2.127712,2.917136
1024.000000,9.449408,7.641088,7.374928,11.239872
2048.000000,35.276031,27.382656,26.359873,45.817089
4096.000000,137.356583,104.560638,100.726814,185.349472
