C,kernel1,kernel2,kernel3,flashattn
256.000000,3.688448,3.109472,2.977760,3.609888
512.000000,6.467936,5.272912,5.109680,7.332256
1024.000000,12.123200,9.630976,9.442688,14.791152
2048.000000,23.339520,18.230047,18.014015,30.852257
4096.000000,46.181854,35.265297,35.160606,65.627998
